"Net","Name","X Coord","Y Coord","Side","Hole Size","Type"
"NetC49_2","TP57-1","160.401mm","50.8mm","Bottom","0.5mm","Through hole"
"NetMH4_1","MH4-1","15.092mm","35.7mm","Bottom","3.2mm","Through hole"
"NetMH1_1","MH1-1","167.773mm","17.2mm","Bottom","3.4mm","Through hole"
"BAT_POS","C2-1","71.55mm","65.2mm","Bottom","0.9mm","Through hole"
"GND","J18-MH2","16.25mm","27.39mm","Bottom","0.6mm","Through hole"
"NetMH2_1","MH2-1","167.442mm","84.2mm","Bottom","3.4mm","Through hole"
"NetMH3_1","MH3-1","23.092mm","80.7mm","Bottom","3.2mm","Through hole"
"COL_28V","TP6-1","161.6mm","18.775mm","Bottom","0.5mm","Through hole"
"DISP_28V","TP7-1","80.1mm","56.625mm","Bottom","0.5mm","Through hole"
"GND","TP12-1","169.825mm","73.675mm","Bottom","0.5mm","Through hole"
"CAM_TRIG","TP51-1","66.294mm","25.775mm","Bottom","0.5mm","Through hole"
"JET_3V3","TP58-1","169.825mm","68.325mm","Bottom","0.5mm","Through hole"
"JET_1V8","TP59-1","156.3mm","66.975mm","Bottom","0.5mm","Through hole"
"SYS_RESET","TP62-1","160.147mm","17.399mm","Bottom","0.5mm","Through hole"
"JET_DBG_TX","TP73-1","170.434mm","27.432mm","Bottom","0.5mm","Through hole"
"JET_DBG_RX","TP74-1","170.434mm","30.607mm","Bottom","0.5mm","Through hole"
"JET_5V0","TP82-1","169.825mm","71mm","Bottom","0.5mm","Through hole"
"3V3","TP83-1","169.825mm","76.35mm","Bottom","0.5mm","Through hole"
"FAN_24V0","TP84-1","169.825mm","79.025mm","Bottom","0.5mm","Through hole"
"LED_5V0","TP86-1","80.675mm","85.45mm","Bottom","0.5mm","Through hole"
"ICD_INT_EM","TP26-1","50.673mm","38.1mm","Bottom","0.5mm","Through hole"
"JTSN_SLEEP_WAKE","TP63-1","158.623mm","51.816mm","Bottom","0mm","Surface mount"
"SWDIO","J7-2","112.82mm","82.6mm","Bottom","0mm","Surface mount"
"3V3","J7-1","112.82mm","81.33mm","Bottom","0mm","Surface mount"
"SWCLK","J7-4","111.55mm","82.6mm","Bottom","0mm","Surface mount"
"NRST","J7-3","111.55mm","81.33mm","Bottom","0mm","Surface mount"
"SWO","J7-6","110.28mm","82.6mm","Bottom","0mm","Surface mount"
"GND","J7-5","110.28mm","81.33mm","Bottom","0mm","Surface mount"
"PWR_BTN","TP1-1","69.873mm","58.1849mm","Bottom","0mm","Surface mount"
"MCU_PWR_OFF","TP14-1","32mm","65.15mm","Bottom","0mm","Surface mount"
"MB_PIN13","TP56-1","95.9mm","78.6mm","Bottom","0mm","Surface mount"
"NetBT1_P","Free-TP","159.385mm","41.021mm","Bottom","0mm","Surface mount"
"NetQ3_3","Free-TP","70.6374mm","66.7512mm","Bottom","0mm","Surface mount"
"MB_GND","Free-37","100.2mm","77.7mm","Bottom","0mm","Surface mount"
"NetR44_2","Free-TP","139.3mm","75.65mm","Bottom","0mm","Surface mount"
"NetC143_1","Free-TP","159.893mm","84.963mm","Bottom","0mm","Surface mount"
"NetC139_2","Free-TP","141.15mm","79.5308mm","Bottom","0mm","Surface mount"
"NetC176_2","Free-TP","149.3945mm","82.8635mm","Bottom","0mm","Surface mount"
"NetC138_2","Free-36","151.2mm","76.327mm","Bottom","0mm","Surface mount"
"NetC143_2","Free-35","151.2mm","75.184mm","Bottom","0mm","Surface mount"
"NetR241_1","Free-33","57.3024mm","35.2298mm","Bottom","0mm","Surface mount"
"NetR183_2","Free-31","155.956mm","72.136mm","Bottom","0mm","Surface mount"
"VBUS","Free-TP","20.3681mm","27.9191mm","Bottom","0mm","Surface mount"
"NetR217_1","Free-28","53.086mm","36.38mm","Bottom","0mm","Surface mount"
"NetR218_1","Free-30","55.118mm","36.347mm","Bottom","0mm","Surface mount"
"NetR242_1","Free-29","54.102mm","35.385mm","Bottom","0mm","Surface mount"
"NetR216_1","Free-27","52.1542mm","34.8883mm","Bottom","0mm","Surface mount"
"/BAT_RDY","Free-25","49.84mm","29.9063mm","Bottom","0mm","Surface mount"
"/BAT_LINK","Free-21","52.9761mm","28.396mm","Bottom","0mm","Surface mount"
"NetC140_1","Free-TP","84.709mm","41.148mm","Bottom","0mm","Surface mount"
"NetC140_2","Free-TP","79.1673mm","43.8121mm","Bottom","0mm","Surface mount"
"CHG_DET","Free-20","67.9833mm","53.7333mm","Bottom","0mm","Surface mount"
"PMUX_COMM_EN","Free-19","71.882mm","42.71mm","Bottom","0mm","Surface mount"
"REV_BIT_2","Free-15","42.4mm","56.5908mm","Bottom","0mm","Surface mount"
"REV_BIT_1","Free-14","43.5545mm","59.175mm","Bottom","0mm","Surface mount"
"REV_BIT_0","Free-13","45.5375mm","57.7131mm","Bottom","0mm","Surface mount"
"NetR88_1","Free-TP","58.5922mm","38.9254mm","Bottom","0mm","Surface mount"
"NetR90_1","Free-TP","60.55mm","42.125mm","Bottom","0mm","Surface mount"
"NetC149_1","Free-TP","158.242mm","68.453mm","Bottom","0mm","Surface mount"
"NetC137_2","Free-TP","125.0833mm","51.375mm","Bottom","0mm","Surface mount"
"NetR229_2","Free-TP","137.15mm","50.0052mm","Bottom","0mm","Surface mount"
"NetR187_2","Free-TP","82.5487mm","47.266mm","Bottom","0mm","Surface mount"
"NetC147_2","Free-TP","80.518mm","44.5652mm","Bottom","0mm","Surface mount"
"NetR223_2","Free-TP","134.1mm","54.2375mm","Bottom","0mm","Surface mount"
"NetD15_4","Free-TP","98.9mm","21.8504mm","Bottom","0mm","Surface mount"
"NetD15_5","Free-TP","96.075mm","21.8504mm","Bottom","0mm","Surface mount"
"NetD15_6","Free-TP","94.2667mm","21.9232mm","Bottom","0mm","Surface mount"
"NetF1_1","Free-TP","82.2375mm","67.6998mm","Bottom","0mm","Surface mount"
"NetC154_1","Free-TP","158.623mm","73.406mm","Bottom","0mm","Surface mount"
"NetC174_2","Free-TP","130.9422mm","48.2395mm","Bottom","0mm","Surface mount"
"NetR230_2","Free-TP","141.4821mm","54.2302mm","Bottom","0mm","Surface mount"
"NetR221_1","Free-TP","139.8813mm","54.3164mm","Bottom","0mm","Surface mount"
"NetR227_1","Free-TP","135.625mm","54.9mm","Bottom","0mm","Surface mount"
"/PEX0_RST","Free-TP","145.185mm","34.725mm","Bottom","0mm","Surface mount"
"NetQ14_3","Free-TP","150.4835mm","48.3047mm","Bottom","0mm","Surface mount"
"NetR51_1","Free-TP","135.25mm","77.575mm","Bottom","0mm","Surface mount"
"NetC133_1","Free-TP","122.1427mm","46.9343mm","Bottom","0mm","Surface mount"
"USB_1V8","Free-TP","39.475mm","24.4mm","Bottom","0mm","Surface mount"
"NetR151_2","Free-TP","37.1142mm","25.0056mm","Bottom","0mm","Surface mount"
"NetC127_2","Free-TP","126.9539mm","52.4793mm","Bottom","0mm","Surface mount"
"NetJ19_4","Free-TP","150.114mm","83.566mm","Bottom","0mm","Surface mount"
"NetR150_2","Free-TP","39.0362mm","34.1832mm","Bottom","0mm","Surface mount"
"NetR190_2","Free-TP","114.2785mm","69.1524mm","Bottom","0mm","Surface mount"
"NetC155_2","Free-TP","110.4064mm","72.644mm","Bottom","0mm","Surface mount"
"BAT_PWR_IN","Free-TP","92.6008mm","72.0331mm","Bottom","0mm","Surface mount"
"BAT_PWR_IN","Free-TP","91.8729mm","73.3646mm","Bottom","0mm","Surface mount"
"BAT_PWR_IN","Free-TP","90.3607mm","74.275mm","Bottom","0mm","Surface mount"
"BAT_PWR_IN","Free-TP","93.35mm","74.275mm","Bottom","0mm","Surface mount"
"NetR1_2","Free-TP","87.125mm","68.375mm","Bottom","0mm","Surface mount"
"NetR1_3","Free-TP","85.0532mm","67.9692mm","Bottom","0mm","Surface mount"
"NetR130_2","Free-TP","136.913mm","14.2711mm","Bottom","0mm","Surface mount"
"NetQ20_1","Free-TP","147.1436mm","33.897mm","Bottom","0mm","Surface mount"
"NetQ21_3","Free-TP","157.226mm","34.544mm","Bottom","0mm","Surface mount"
"NetR33_1","Free-TP","141.466mm","66.5576mm","Bottom","0mm","Surface mount"
"ADC_CHAN_COLLIMATOR_V_MON","Free-TP","135.575mm","65.4mm","Bottom","0mm","Surface mount"
"ADC_CHAN_DISPLAY_V_MON","Free-TP","140.6055mm","68.2079mm","Bottom","0mm","Surface mount"
"ADC_CHAN_BAT_V_MON","Free-TP","129.7524mm","69.2551mm","Bottom","0mm","Surface mount"
"NetC16_2","Free-TP","128.4451mm","63.57mm","Bottom","0mm","Surface mount"
"NetR47_1","Free-TP","135.5mm","58.55mm","Bottom","0mm","Surface mount"
"ADC_CHAN_TEMP1","Free-TP","139.4mm","62.34mm","Bottom","0mm","Surface mount"
"NetR38_1","Free-TP","147.1539mm","64.85mm","Bottom","0mm","Surface mount"
"JTSN_SYS_RST","Free-TP","55.1384mm","43.1038mm","Bottom","0mm","Surface mount"
"NetQ17_1","Free-TP","59.175mm","43.6167mm","Bottom","0mm","Surface mount"
"ACC_SDA","Free-TP","45.6465mm","76.085mm","Bottom","0mm","Surface mount"
"ACC_SCL","Free-TP","45.1965mm","74.675mm","Bottom","0mm","Surface mount"
"ACC_ADDR","Free-TP","43.65mm","73.8mm","Bottom","0mm","Surface mount"
"NetR54_1","Free-TP","57.7278mm","76.475mm","Bottom","0mm","Surface mount"
"NetC138_1","Free-TP","152.5744mm","78.6888mm","Bottom","0mm","Surface mount"
"NetC152_1","Free-TP","160.147mm","73.406mm","Bottom","0mm","Surface mount"
"NetC153_2","Free-TP","154.6432mm","72.3247mm","Bottom","0mm","Surface mount"
"NetQ29_3","Free-TP","144.4688mm","87.0713mm","Bottom","0mm","Surface mount"
"DISP_CTRL.I2C.SDA","Free-TP","146.7729mm","54.635mm","Bottom","0mm","Surface mount"
"JTSN_MOD_SLEEP_MCU","Free-TP","149.5835mm","51.8198mm","Bottom","0mm","Surface mount"
"NetR148_1","Free-TP","33.05mm","25.275mm","Bottom","0mm","Surface mount"
"SSEQ1","Free-TP","32.0741mm","28.2294mm","Bottom","0mm","Surface mount"
"DPEQ1","Free-TP","26.5165mm","29.825mm","Bottom","0mm","Surface mount"
"SSEQ0","Free-TP","33.02mm","31.4539mm","Bottom","0mm","Surface mount"
"DPEQ0","Free-TP","35.325mm","34.25mm","Bottom","0mm","Surface mount"
"I2C_EN","Free-TP","33mm","36.55mm","Bottom","0mm","Surface mount"
"EQ1","Free-TP","26.8887mm","36.5544mm","Bottom","0mm","Surface mount"
"EQ0","Free-TP","27.1mm","31.7mm","Bottom","0mm","Surface mount"
"NetR144_1","Free-TP","43.406mm","31.5442mm","Bottom","0mm","Surface mount"
"NetU28_7","Free-TP","43.025mm","29.7098mm","Bottom","0mm","Surface mount"
"NetU28_8","Free-TP","37.35mm","29.7098mm","Bottom","0mm","Surface mount"
"NetQ26_1","Free-TP","69.3568mm","29.275mm","Bottom","0mm","Surface mount"
"NetR137_1","Free-TP","118.625mm","34.225mm","Bottom","0mm","Surface mount"
"NetQ19_3","Free-TP","152.3027mm","35.125mm","Bottom","0mm","Surface mount"
"JTSN_MOD_SLEEP","Free-TP","148.125mm","40.875mm","Bottom","0mm","Surface mount"
"LCD_PWM","Free-TP","149.975mm","40.0364mm","Bottom","0mm","Surface mount"
"/PEX_WAKE","Free-TP","145.375mm","28.85mm","Bottom","0mm","Surface mount"
"UART1_TXD","Free-TP","146.3344mm","26.3251mm","Bottom","0mm","Surface mount"
"UART1_RXD","Free-TP","146.557mm","24.572mm","Bottom","0mm","Surface mount"
"ICD_TX","Free-TP","164.475mm","21.95mm","Bottom","0mm","Surface mount"
"ICD_RX","Free-TP","164.475mm","23.85mm","Bottom","0mm","Surface mount"
"UART0_RXD","Free-TP","124.575mm","26.825mm","Bottom","0mm","Surface mount"
"JET_LED_B","Free-TP","132.0233mm","36.082mm","Bottom","0mm","Surface mount"
"JET_LED_G","Free-TP","130.7mm","37.2mm","Bottom","0mm","Surface mount"
"NetR52_2","Free-TP","129.6247mm","38.1976mm","Bottom","0mm","Surface mount"
"/PEX0_CLKREQ","Free-TP","112.925mm","40.275mm","Bottom","0mm","Surface mount"
"ICD_INT_COL","Free-TP","146.065mm","30.8231mm","Bottom","0mm","Surface mount"
"DISP_CTRL.I2C.SCL","Free-TP","46.4188mm","52.2492mm","Bottom","0mm","Surface mount"
"SMBUS_SDA","Free-TP","50.05mm","31.692mm","Bottom","0mm","Surface mount"
"SMBUS_SCL","Free-TP","48.26mm","31.192mm","Bottom","0mm","Surface mount"
"/SM_ALERT","Free-TP","50.5795mm","33.0572mm","Bottom","0mm","Surface mount"
"MCU_ICD_TX_EN","Free-TP","43.625mm","37.8355mm","Bottom","0mm","Surface mount"
"MCU_ICD_RX","Free-TP","45.275mm","38.4mm","Bottom","0mm","Surface mount"
"MCU_ICD_TX","Free-TP","39.85mm","38.4mm","Bottom","0mm","Surface mount"
"CLI_COMM.RX","Free-TP","51.8518mm","43.3732mm","Bottom","0mm","Surface mount"
"CLI_COMM.TX","Free-TP","49.625mm","42.25mm","Bottom","0mm","Surface mount"
"JTSN_EN_5V0","Free-TP","34.7mm","45.35mm","Bottom","0mm","Surface mount"
"COL_PWR_EN","Free-TP","31.242mm","45.212mm","Bottom","0mm","Surface mount"
"DBG_LED_B","Free-TP","35.425mm","49.8379mm","Bottom","0mm","Surface mount"
"DBG_LED_G","Free-TP","37.475mm","50.3mm","Bottom","0mm","Surface mount"
"DBG_LED_R","Free-TP","35.425mm","51.925mm","Bottom","0mm","Surface mount"
"SPI1_SCK","Free-TP","37.275mm","62.625mm","Bottom","0mm","Surface mount"
"SPI1_MISO","Free-TP","40.4502mm","62.5748mm","Bottom","0mm","Surface mount"
"SPI1_MOSI","Free-TP","38.85mm","62.625mm","Bottom","0mm","Surface mount"
"RGB_DOUT","Free-TP","34.9mm","75.425mm","Bottom","0mm","Surface mount"
"3V0_REF","Free-TP","37.485mm","81.935mm","Bottom","0mm","Surface mount"
"NetR48_1","Free-TP","42.7701mm","79.825mm","Bottom","0mm","Surface mount"
"NetC7_2","Free-TP","67.5206mm","60.118mm","Bottom","0mm","Surface mount"
"NetQ1_3","Free-TP","68.65mm","60.499mm","Bottom","0mm","Surface mount"
"NetC144_2","Free-TP","90.6729mm","47.9979mm","Bottom","0mm","Surface mount"
"NetR180_2","Free-TP","84.8452mm","47.9114mm","Bottom","0mm","Surface mount"
"JTSN_CPU_EN","Free-TP","159.125mm","47.8115mm","Bottom","0mm","Surface mount"
"DISP_INT","Free-TP","153.5955mm","43.4295mm","Bottom","0mm","Surface mount"
"USB_3V3","Free-TP","116.75mm","22.425mm","Bottom","0mm","Surface mount"
"CAM1_PWDN","Free-TP","66.725mm","27.075mm","Bottom","0mm","Surface mount"
"CAM0_PWDN","Free-TP","68.2068mm","28mm","Bottom","0mm","Surface mount"
"TEMP_MON1","Free-TP","60.4194mm","79.9mm","Bottom","0mm","Surface mount"
"NetQ36_3","Free-TP","68.3mm","79.9mm","Bottom","0mm","Surface mount"
"NetC188_1","Free-TP","65.9638mm","69.1642mm","Bottom","0mm","Surface mount"
"NetC8_1","Free-TP","73.6375mm","70.9375mm","Bottom","0mm","Surface mount"
"NetQ6_3","Free-TP","54.65mm","61.75mm","Bottom","0mm","Surface mount"
"NetQ6_1","Free-TP","49.5211mm","62.85mm","Bottom","0mm","Surface mount"
"FP_RADIO_GPIO1","Free-TP","17.6539mm","64.9039mm","Bottom","0mm","Surface mount"
"NetQ12_3","Free-TP","13.6mm","69.125mm","Bottom","0mm","Surface mount"
"RAD_SCK","Free-TP","23.2569mm","59.05mm","Bottom","0mm","Surface mount"
"RAD_MISO","Free-TP","22.1mm","60.6mm","Bottom","0mm","Surface mount"
"RAD_MOSI","Free-TP","21.0029mm","59.05mm","Bottom","0mm","Surface mount"
"DET_RADIO_SHDN","Free-TP","17.3482mm","52.9082mm","Bottom","0mm","Surface mount"
"NetD12_1","Free-TP","12.55mm","46.7383mm","Bottom","0mm","Surface mount"
"NetQ11_3","Free-TP","14.4787mm","50.1884mm","Bottom","0mm","Surface mount"
"DET_RADIO_GPIO1","Free-TP","17.525mm","47.5mm","Bottom","0mm","Surface mount"
"NetR83_1","Free-TP","18.3199mm","41.3494mm","Bottom","0mm","Surface mount"
"VBUS","Free-TP","19.1124mm","28.9893mm","Bottom","0mm","Surface mount"
"VBUS","Free-TP","19.0714mm","26.5011mm","Bottom","0mm","Surface mount"
"HDMI_SCL","Free-TP","126.675mm","24.6mm","Bottom","0mm","Surface mount"
"HDMI_SDA","Free-TP","132.375mm","24.6mm","Bottom","0mm","Surface mount"
"UART0_TXD","Free-TP","127.225mm","18.3807mm","Bottom","0mm","Surface mount"
"NetQ8_3","Free-TP","151.5788mm","56.6462mm","Bottom","0mm","Surface mount"
"NetC161_2","Free-TP","112.603mm","71.9214mm","Bottom","0mm","Surface mount"
"EN_LED","Free-TP","108.425mm","60.0933mm","Bottom","0mm","Surface mount"
"HS_SW_OUT_AF","Free-TP","108.0193mm","49.702mm","Bottom","0mm","Surface mount"
"NetR175_1","Free-TP","123.4097mm","49.75mm","Bottom","0mm","Surface mount"
"NetR227_2","Free-TP","135.625mm","53.525mm","Bottom","0mm","Surface mount"
"NetR228_1","Free-TP","132.875mm","46.861mm","Bottom","0mm","Surface mount"
"I2C2_1V8.SDA","Free-TP","135.775mm","56.075mm","Bottom","0mm","Surface mount"
"NetR40_1","Free-TP","147.1539mm","58.95mm","Bottom","0mm","Surface mount"
"NetR32_1","Free-TP","131.45mm","69.425mm","Bottom","0mm","Surface mount"
"NetC164_2","Free-TP","124.935mm","59.9741mm","Bottom","0mm","Surface mount"
"NetR191_2","Free-TP","127.375mm","63.57mm","Bottom","0mm","Surface mount"
"NetC6_2","Free-TP","60.5123mm","66.5123mm","Bottom","0mm","Surface mount"
"SYS_PWR_EN","Free-TP","68.7832mm","67.183mm","Bottom","0mm","Surface mount"
"HS_SW_OUT","Free-TP","91.1426mm","59.4753mm","Bottom","0mm","Surface mount"
"HS_SW_OUT","Free-TP","98.025mm","56.9mm","Bottom","0mm","Surface mount"
"HS_SW_OUT","Free-TP","94.875mm","55.575mm","Bottom","0mm","Surface mount"
"HS_SW_OUT","Free-TP","94.875mm","58.7mm","Bottom","0mm","Surface mount"
"HS_SW_OUT","Free-TP","91.35mm","62.35mm","Bottom","0mm","Surface mount"
"HS_SW_OUT","Free-TP","85.0893mm","59.9mm","Bottom","0mm","Surface mount"
"HS_SW_OUT","Free-TP","85.0399mm","62.525mm","Bottom","0mm","Surface mount"
"HS_SW_OUT","Free-TP","82.2375mm","59.9mm","Bottom","0mm","Surface mount"
"HS_SW_OUT","Free-TP","82.2375mm","62.5729mm","Bottom","0mm","Surface mount"
"NetR43_1","Free-TP","139.3129mm","74.238mm","Bottom","0mm","Surface mount"
"NetR39_1","Free-TP","131.45mm","76.6mm","Bottom","0mm","Surface mount"
"NetR82_1","Free-TP","19.89mm","45.15mm","Bottom","0mm","Surface mount"
"NetR84_1","Free-TP","21.89mm","44.675mm","Bottom","0mm","Surface mount"
"NetR72_1","Free-TP","19.031mm","57.844mm","Bottom","0mm","Surface mount"
"NetR75_1","Free-TP","19.775mm","55.744mm","Bottom","0mm","Surface mount"
"NetR73_1","Free-TP","21.9mm","56.125mm","Bottom","0mm","Surface mount"
"NetC152_2","Via","157.607mm","70.866mm","Bottom","0.2032mm","Through hole"
"NetC177_2","Via","160.655mm","79.756mm","Bottom","0.2032mm","Through hole"
"/SHDN_REQ","Via","156.972mm","29.718mm","Bottom","0.2032mm","Through hole"
"USB_MUX_USB3","Via","21.717mm","39.116mm","Bottom","0.2032mm","Through hole"
"NetD10_5","Via","57.785mm","24.13mm","Bottom","0.2032mm","Through hole"
"CAM_I2C_SDA","Via","158.877mm","23.075mm","Bottom","0.2032mm","Through hole"
"AD_CS","Via","51.125mm","59.3mm","Bottom","0.2032mm","Through hole"
"NetR224_1","Via","127.3349mm","56.6502mm","Bottom","0.2032mm","Through hole"
"I2C2_1V8.SCL","Via","146.325mm","51.7214mm","Bottom","0.2032mm","Through hole"
"NetR226_1","Via","135.5598mm","47.2694mm","Bottom","0.2032mm","Through hole"
"DET_RADIO_CS","Via","20.701mm","53.721mm","Bottom","0.2032mm","Through hole"
"NetR2_1","Via","85.007mm","76.243mm","Bottom","0.2032mm","Through hole"
"NetR88_1","Via","32.2mm","21.1mm","Bottom","0.2032mm","Through hole"
"NetD10_6","Via","58.2231mm","23.0066mm","Bottom","0.2032mm","Through hole"
"ADC_CHAN_BAT_I_MON","Via","134.1mm","66.9mm","Bottom","0.2032mm","Through hole"
"NetQ32_3","Via","139.275mm","77.2mm","Bottom","0.2032mm","Through hole"
"NetR196_2","Via","114.2785mm","71.652mm","Bottom","0.2032mm","Through hole"
"NetC55_2","Via","159.5mm","55.1mm","Bottom","0.2032mm","Through hole"
"JTSN_SLEEP_WAKE","Via","52.9mm","47.2mm","Bottom","0.2032mm","Through hole"
"SUSCLK","Via","142.6849mm","51.3152mm","Bottom","0.2032mm","Through hole"
"USB_MUX_DP","Via","22.7189mm","39.175mm","Bottom","0.2032mm","Through hole"
"NetC143_1","Via","150.1938mm","75.6298mm","Bottom","0.2032mm","Through hole"
"NetC138_1","Via","150.114mm","76.708mm","Bottom","0.2032mm","Through hole"
"NetQ29_1","Via","149.4054mm","67.0464mm","Bottom","0.2032mm","Through hole"
"NetQ16_1","Via","94.375mm","75.19mm","Bottom","0.2032mm","Through hole"
"NetC163_2","Via","119.6315mm","64.075mm","Bottom","0.2032mm","Through hole"
"NetC155_1","Via","106.792mm","72.9134mm","Bottom","0.2032mm","Through hole"
"NetJ20_4","Via","160.782mm","84.328mm","Bottom","0.2032mm","Through hole"
"NetR152_2","Via","38.4mm","18.288mm","Bottom","0.2032mm","Through hole"
"JET_FAN_CTRL.PWM","Via","153.337mm","65.9965mm","Bottom","0.2032mm","Through hole"
"MCU_FAN1_TACH","Via","150.187mm","63.513mm","Bottom","0.2032mm","Through hole"
"NetQ28_2","Via","152.15mm","62.8475mm","Bottom","0.2032mm","Through hole"
"FAN_MUX_CTRL","Via","153.746mm","62.5689mm","Bottom","0.2032mm","Through hole"
"JET_FAN_CTRL.TACH","Via","149.825mm","60.476mm","Bottom","0.2032mm","Through hole"
"NetQ25_2","Via","153.95mm","58.1062mm","Bottom","0.2032mm","Through hole"
"MCU_FAN1_PWM","Via","148.55mm","63.626mm","Bottom","0.2032mm","Through hole"
"VBUS_MCU","Via","31.7045mm","18.7799mm","Bottom","0.2032mm","Through hole"
"NetJ19_3","Via","141.9132mm","82.3963mm","Bottom","0.2032mm","Through hole"
"PMUX_CHG_DET","Via","79.2554mm","38.0013mm","Bottom","0.2032mm","Through hole"
"CHG_COMM_EN","Via","51.8518mm","45.035mm","Bottom","0.2032mm","Through hole"
"NetQ38_1","Via","57.6824mm","44.8085mm","Bottom","0.2032mm","Through hole"
"ICD_INT_MB","Via","153.022mm","68.175mm","Bottom","0.2032mm","Through hole"
"BOOT0","Via","46.9mm","37.435mm","Bottom","0.2032mm","Through hole"
"NetQ7_3","Via","72.3229mm","34.9448mm","Bottom","0.2032mm","Through hole"
"NetQ7_1","Via","68.4569mm","35.1903mm","Bottom","0.2032mm","Through hole"
"NetD11_2","Via","50.6309mm","36.1mm","Bottom","0.2032mm","Through hole"
"TOUCH_INT","Via","72.0634mm","59.1849mm","Bottom","0.2032mm","Through hole"
"JTSN_MOD_SLEEP_MCU","Via","62.738mm","50.175mm","Bottom","0.2032mm","Through hole"
"NetQ15_3","Via","62.5447mm","46.8mm","Bottom","0.2032mm","Through hole"
"NetJ20_3","Via","160.181mm","83.058mm","Bottom","0.2032mm","Through hole"
"NetQ34_3","Via","65mm","75.775mm","Bottom","0.2032mm","Through hole"
"LDO_3V3","Via","34.005mm","24.1461mm","Bottom","0.2032mm","Through hole"
"NetC136_2","Via","109.5833mm","42.2795mm","Bottom","0.2032mm","Through hole"
"NetR178_2","Via","110.5909mm","43.7373mm","Bottom","0.2032mm","Through hole"
"NetC127_1","Via","128.0952mm","52.8603mm","Bottom","0.2032mm","Through hole"
"NetC148_2","Via","93.0979mm","44.8951mm","Bottom","0.2032mm","Through hole"
"NetC158_2","Via","117.8387mm","65.625mm","Bottom","0.2032mm","Through hole"
"NetD10_4","Via","58.9567mm","24.1887mm","Bottom","0.2032mm","Through hole"
"NetR225_2","Via","129.6778mm","56.6502mm","Bottom","0.2032mm","Through hole"
"EN_5V0","Via","110.5909mm","44.859mm","Bottom","0.2032mm","Through hole"
"NetR155_2","Via","44.65mm","24.1306mm","Bottom","0.2032mm","Through hole"
"CAD_SNK","Via","26.6193mm","38.1225mm","Bottom","0.2032mm","Through hole"
"NetR104_2","Via","161.525mm","55.97mm","Bottom","0.2032mm","Through hole"
"NetQ23_3","Via","145.5783mm","49.8547mm","Bottom","0.2032mm","Through hole"
"/WIFI_ALERT","Via","140.3335mm","44.987mm","Bottom","0.2032mm","Through hole"
"NetR41_2","Via","149.175mm","58.95mm","Bottom","0.2032mm","Through hole"
"NetQ23_1","Via","147.254mm","56.8mm","Bottom","0.2032mm","Through hole"
"NetF3_1","Via","88.546mm","31.325mm","Bottom","0.2032mm","Through hole"
"ADC_CHAN_TEMP2","Via","126.4749mm","59.5mm","Bottom","0.2032mm","Through hole"
"ADC_CHAN_JTSN_5V0","Via","140.1822mm","60.45mm","Bottom","0.2032mm","Through hole"
"ADC_CHAN_CONTROL_5V0","Via","139.5003mm","59.3mm","Bottom","0.2032mm","Through hole"
"NetR31_2","Via","144.6254mm","67.2mm","Bottom","0.2032mm","Through hole"
"NetC10_1","Via","75.014mm","35mm","Bottom","0.2032mm","Through hole"
"/PEX1_RST","Via","146.375mm","29.5731mm","Bottom","0.2032mm","Through hole"
"NetR222_1","Via","138.4435mm","44.8499mm","Bottom","0.2032mm","Through hole"
"NetF2_1","Via","63.7534mm","69.407mm","Bottom","0.2032mm","Through hole"
"NetD20_3","Via","71.1614mm","76.8mm","Bottom","0.2032mm","Through hole"
"LED_DO","Via","72.025mm","78.2mm","Bottom","0.2032mm","Through hole"
"CUR_MON_EN","Via","85.9265mm","68.9359mm","Bottom","0.2032mm","Through hole"
"MB_EN_N","Via","96.2mm","74.464mm","Bottom","0.2032mm","Through hole"
"NetC3_2","Via","97.9989mm","66.4463mm","Bottom","0.2032mm","Through hole"
"NetR154_2","Via","33.65mm","26.72mm","Bottom","0.2032mm","Through hole"
"NetR153_2","Via","35.2mm","28.7mm","Bottom","0.2032mm","Through hole"
"NetC51_1","Via","159.75mm","60.65mm","Bottom","0.2032mm","Through hole"
"NetC48_1","Via","162.965mm","62.175mm","Bottom","0.2032mm","Through hole"
"NetR102_2","Via","160.0125mm","56.825mm","Bottom","0.2032mm","Through hole"
"JET_VBUS","Via","135.075mm","29.375mm","Bottom","0.2032mm","Through hole"
"HS_SW","Via","59.2142mm","57.3063mm","Bottom","0.2032mm","Through hole"
"NetR147_1","Via","39.575mm","18.25mm","Bottom","0.2032mm","Through hole"
"ICD_INT_EM_BUFF","Via","112.25mm","47.0395mm","Bottom","0.2032mm","Through hole"
"ICD_INT_EM_BUFF","Via","64.8499mm","48.3126mm","Bottom","0.2032mm","Through hole"
"NetR34_2","Via","104.5mm","74.25mm","Bottom","0.2032mm","Through hole"
"TEMP_MON2","Via","126.3351mm","77.0961mm","Bottom","0.2032mm","Through hole"
"MCU_FAN2_TACH","Via","126.1056mm","71.675mm","Bottom","0.2032mm","Through hole"
"NetC48_2","Via","164.1039mm","63.6mm","Bottom","0.2032mm","Through hole"
"LED_CO","Via","74.0875mm","79.0625mm","Bottom","0.2032mm","Through hole"
"USB_SPI_MISO","Via","110.0851mm","24.4649mm","Bottom","0.2032mm","Through hole"
"USB_SPI_MOSI","Via","112.0117mm","24.5151mm","Bottom","0.2032mm","Through hole"
"USB_SPI_CLK","Via","113.925mm","24.675mm","Bottom","0.2032mm","Through hole"
"USB_SPI_CS","Via","115.4mm","24.575mm","Bottom","0.2032mm","Through hole"
"BAT_PWR_IN","Via","64.625mm","66.925mm","Bottom","0.2032mm","Through hole"
"NetC9_1","Via","53.425mm","59.15mm","Bottom","0.2032mm","Through hole"
"DISP_PWR_EN","Via","50.8mm","66.725mm","Bottom","0.2032mm","Through hole"
"CC1","Via","35.5581mm","27.377mm","Bottom","0.2032mm","Through hole"
"TEMP_FAULT","Via","52.2501mm","71.6mm","Bottom","0.2032mm","Through hole"
"BAT_I_MON","Via","125.65mm","73.225mm","Bottom","0.2032mm","Through hole"
"DET_RST_REQ","Via","27.725mm","83.7mm","Bottom","0.2032mm","Through hole"
"NetQ21_3","Via","139.325mm","46.725mm","Bottom","0.2032mm","Through hole"
"NetJ3_1","Via","51.575mm","78.95mm","Bottom","0.2032mm","Through hole"
"IMU_INT","Via","131.25mm","46mm","Bottom","0.2032mm","Through hole"
"ACC_INT1","Via","46.2914mm","66.9414mm","Bottom","0.2032mm","Through hole"
"NetD20_4","Via","74.475mm","75.975mm","Bottom","0.2032mm","Through hole"
"CAM_TRIG_MCU","Via","67.375mm","29.7mm","Bottom","0.2032mm","Through hole"
"BUZZER","Via","32.275mm","51.825mm","Bottom","0.2032mm","Through hole"
"MCU_FAN2_PWM","Via","49.575mm","57.875mm","Bottom","0.2032mm","Through hole"
"/PWR_BTN_INT","Via","31.9mm","54.65mm","Bottom","0.2032mm","Through hole"
"USB_MUX_FLIP","Via","24.325mm","39.275mm","Bottom","0.2032mm","Through hole"
"DP0_HPD_3V3","Via","17.7mm","38.975mm","Bottom","0.2032mm","Through hole"
"NetD13_1","Via","12.6mm","65.225mm","Bottom","0.2032mm","Through hole"
"NetD1_2","Via","98.9mm","19.8mm","Bottom","0.2032mm","Through hole"
"NetR81_1","Via","18.3199mm","43.525mm","Bottom","0.2032mm","Through hole"
"NetR74_1","Via","16.4mm","61.375mm","Bottom","0.2032mm","Through hole"
"JET_EN","Via","159.8766mm","27.9334mm","Bottom","0.2032mm","Through hole"
"NetJ6_1","Via","60.75mm","76.4mm","Bottom","0.2032mm","Through hole"
"/PEX1_CLKREQ","Via","146.125mm","36.2mm","Bottom","0.2032mm","Through hole"
"NetR113_2","Via","159.375mm","25.375mm","Bottom","0.2032mm","Through hole"
"FOOT_PEDAL_INT","Via","25.625mm","51.675mm","Bottom","0.2032mm","Through hole"
"NetR117_1","Via","152.425mm","36.65mm","Bottom","0.2032mm","Through hole"
"ACC_INT2","Via","43.6562mm","66.9188mm","Bottom","0.2032mm","Through hole"
"NetQ26_3","Via","76.8mm","35.375mm","Bottom","0.2032mm","Through hole"
"RGB_COUT","Via","62.5mm","77.375mm","Bottom","0.2032mm","Through hole"
"RGB_DOUT","Via","62.65mm","76.175mm","Bottom","0.2032mm","Through hole"
"TOF_RX","Via","167.62mm","21.025mm","Bottom","0.2032mm","Through hole"
"TOF_TX","Via","170.775mm","22.9mm","Bottom","0.2032mm","Through hole"
"CC2","Via","35.3968mm","24.6282mm","Bottom","0.2032mm","Through hole"
"NetC56_2","Via","156.65mm","56.825mm","Bottom","0.2032mm","Through hole"
"JET_PGOOD","Via","158.9mm","65.05mm","Bottom","0.2032mm","Through hole"
"SYS_RESET_BUFF","Via","161.375mm","65.525mm","Bottom","0.2032mm","Through hole"
"EN_FAN","Via","32.375mm","50.35mm","Bottom","0.2032mm","Through hole"
"PGOOD","Via","31.925mm","47.825mm","Bottom","0.2032mm","Through hole"
"FP_RADIO_SHDN","Via","24.775mm","71.15mm","Bottom","0.2032mm","Through hole"
"FP_RADIO_CS","Via","19.6216mm","74.5102mm","Bottom","0.2032mm","Through hole"
"NetQ10_3","Via","29.95mm","47.3mm","Bottom","0.2032mm","Through hole"
"VBUS_DET","Via","121.5mm","28.1mm","Bottom","0.2032mm","Through hole"
"DET_RADIO_INT","Via","44.95mm","50.9mm","Bottom","0.2032mm","Through hole"
"TEMP_FAULT","Via","42.8mm","69.75mm","Bottom","0.2032mm","Through hole"
"CAM_SYNC","Via","17.85mm","49.9mm","Bottom","0.2032mm","Through hole"
"MB_PWR_EN","Via","28.225mm","81.95mm","Bottom","0.2032mm","Through hole"
"SWO","Via","44.35mm","80.75mm","Bottom","0.2032mm","Through hole"
"ICD_INT_MB","Via","123.1911mm","75.6mm","Bottom","0.2032mm","Through hole"
"FORCE_REC","Via","155.9mm","32.175mm","Bottom","0.2032mm","Through hole"
"CAM_I2C_SCL","Via","157.3822mm","24.038mm","Bottom","0.2032mm","Through hole"
